DeepCSV;OperatingPoint, measurementType, sysType, jetFlavor, etaMin, etaMax, ptMin, ptMax, discrMin, discrMax, formula 
0, comb, central, 1, -2.5, 2.5, 20, 1000, 0, 1, "1.10303+(-(0.00478444*(log(x+19)*(log(x+18)*(3-(0.330833*log(x+18)))))))" 
0, comb, central, 0, -2.5, 2.5, 20, 1000, 0, 1, "1.10303+(-(0.00478444*(log(x+19)*(log(x+18)*(3-(0.330833*log(x+18)))))))" 
0, comb, down, 1, -2.5, 2.5, 20, 30, 0, 1, "1.10303+((-(0.00478444*(log(x+19)*(log(x+18)*(3-(0.330833*log(x+18)))))))-0.096868723630905151)" 
0, comb, down, 1, -2.5, 2.5, 30, 50, 0, 1, "1.10303+((-(0.00478444*(log(x+19)*(log(x+18)*(3-(0.330833*log(x+18)))))))-0.043765656650066376)" 
0, comb, down, 1, -2.5, 2.5, 50, 70, 0, 1, "1.10303+((-(0.00478444*(log(x+19)*(log(x+18)*(3-(0.330833*log(x+18)))))))-0.039671637117862701)" 
0, comb, down, 1, -2.5, 2.5, 70, 100, 0, 1, "1.10303+((-(0.00478444*(log(x+19)*(log(x+18)*(3-(0.330833*log(x+18)))))))-0.035732902586460114)" 
0, comb, down, 1, -2.5, 2.5, 100, 140, 0, 1, "1.10303+((-(0.00478444*(log(x+19)*(log(x+18)*(3-(0.330833*log(x+18)))))))-0.039776880294084549)" 
0, comb, down, 1, -2.5, 2.5, 140, 200, 0, 1, "1.10303+((-(0.00478444*(log(x+19)*(log(x+18)*(3-(0.330833*log(x+18)))))))-0.043838214129209518)" 
0, comb, down, 1, -2.5, 2.5, 200, 300, 0, 1, "1.10303+((-(0.00478444*(log(x+19)*(log(x+18)*(3-(0.330833*log(x+18)))))))-0.06398262083530426)" 
0, comb, down, 1, -2.5, 2.5, 300, 600, 0, 1, "1.10303+((-(0.00478444*(log(x+19)*(log(x+18)*(3-(0.330833*log(x+18)))))))-0.10121767222881317)" 
0, comb, down, 1, -2.5, 2.5, 600, 1000, 0, 1, "1.10303+((-(0.00478444*(log(x+19)*(log(x+18)*(3-(0.330833*log(x+18)))))))-0.1800583153963089)" 
0, comb, down, 0, -2.5, 2.5, 20, 30, 0, 1, "1.10303+((-(0.00478444*(log(x+19)*(log(x+18)*(3-(0.330833*log(x+18)))))))-0.038747489452362061)" 
0, comb, down, 0, -2.5, 2.5, 30, 50, 0, 1, "1.10303+((-(0.00478444*(log(x+19)*(log(x+18)*(3-(0.330833*log(x+18)))))))-0.01750626228749752)" 
0, comb, down, 0, -2.5, 2.5, 50, 70, 0, 1, "1.10303+((-(0.00478444*(log(x+19)*(log(x+18)*(3-(0.330833*log(x+18)))))))-0.015868654474616051)" 
0, comb, down, 0, -2.5, 2.5, 70, 100, 0, 1, "1.10303+((-(0.00478444*(log(x+19)*(log(x+18)*(3-(0.330833*log(x+18)))))))-0.01429316122084856)" 
0, comb, down, 0, -2.5, 2.5, 100, 140, 0, 1, "1.10303+((-(0.00478444*(log(x+19)*(log(x+18)*(3-(0.330833*log(x+18)))))))-0.01591075211763382)" 
0, comb, down, 0, -2.5, 2.5, 140, 200, 0, 1, "1.10303+((-(0.00478444*(log(x+19)*(log(x+18)*(3-(0.330833*log(x+18)))))))-0.017535286024212837)" 
0, comb, down, 0, -2.5, 2.5, 200, 300, 0, 1, "1.10303+((-(0.00478444*(log(x+19)*(log(x+18)*(3-(0.330833*log(x+18)))))))-0.025593049824237823)" 
0, comb, down, 0, -2.5, 2.5, 300, 600, 0, 1, "1.10303+((-(0.00478444*(log(x+19)*(log(x+18)*(3-(0.330833*log(x+18)))))))-0.040487069636583328)" 
0, comb, down, 0, -2.5, 2.5, 600, 1000, 0, 1, "1.10303+((-(0.00478444*(log(x+19)*(log(x+18)*(3-(0.330833*log(x+18)))))))-0.07202332466840744)" 
0, comb, up, 1, -2.5, 2.5, 20, 30, 0, 1, "(1.10303+(-(0.00478444*(log(x+19)*(log(x+18)*(3-(0.330833*log(x+18))))))))+0.096868723630905151" 
0, comb, up, 1, -2.5, 2.5, 30, 50, 0, 1, "(1.10303+(-(0.00478444*(log(x+19)*(log(x+18)*(3-(0.330833*log(x+18))))))))+0.043765656650066376" 
0, comb, up, 1, -2.5, 2.5, 50, 70, 0, 1, "(1.10303+(-(0.00478444*(log(x+19)*(log(x+18)*(3-(0.330833*log(x+18))))))))+0.039671637117862701" 
0, comb, up, 1, -2.5, 2.5, 70, 100, 0, 1, "(1.10303+(-(0.00478444*(log(x+19)*(log(x+18)*(3-(0.330833*log(x+18))))))))+0.035732902586460114" 
0, comb, up, 1, -2.5, 2.5, 100, 140, 0, 1, "(1.10303+(-(0.00478444*(log(x+19)*(log(x+18)*(3-(0.330833*log(x+18))))))))+0.039776880294084549" 
0, comb, up, 1, -2.5, 2.5, 140, 200, 0, 1, "(1.10303+(-(0.00478444*(log(x+19)*(log(x+18)*(3-(0.330833*log(x+18))))))))+0.043838214129209518" 
0, comb, up, 1, -2.5, 2.5, 200, 300, 0, 1, "(1.10303+(-(0.00478444*(log(x+19)*(log(x+18)*(3-(0.330833*log(x+18))))))))+0.06398262083530426" 
0, comb, up, 1, -2.5, 2.5, 300, 600, 0, 1, "(1.10303+(-(0.00478444*(log(x+19)*(log(x+18)*(3-(0.330833*log(x+18))))))))+0.10121767222881317" 
0, comb, up, 1, -2.5, 2.5, 600, 1000, 0, 1, "(1.10303+(-(0.00478444*(log(x+19)*(log(x+18)*(3-(0.330833*log(x+18))))))))+0.1800583153963089" 
0, comb, up, 0, -2.5, 2.5, 20, 30, 0, 1, "(1.10303+(-(0.00478444*(log(x+19)*(log(x+18)*(3-(0.330833*log(x+18))))))))+0.038747489452362061" 
0, comb, up, 0, -2.5, 2.5, 30, 50, 0, 1, "(1.10303+(-(0.00478444*(log(x+19)*(log(x+18)*(3-(0.330833*log(x+18))))))))+0.01750626228749752" 
0, comb, up, 0, -2.5, 2.5, 50, 70, 0, 1, "(1.10303+(-(0.00478444*(log(x+19)*(log(x+18)*(3-(0.330833*log(x+18))))))))+0.015868654474616051" 
0, comb, up, 0, -2.5, 2.5, 70, 100, 0, 1, "(1.10303+(-(0.00478444*(log(x+19)*(log(x+18)*(3-(0.330833*log(x+18))))))))+0.01429316122084856" 
0, comb, up, 0, -2.5, 2.5, 100, 140, 0, 1, "(1.10303+(-(0.00478444*(log(x+19)*(log(x+18)*(3-(0.330833*log(x+18))))))))+0.01591075211763382" 
0, comb, up, 0, -2.5, 2.5, 140, 200, 0, 1, "(1.10303+(-(0.00478444*(log(x+19)*(log(x+18)*(3-(0.330833*log(x+18))))))))+0.017535286024212837" 
0, comb, up, 0, -2.5, 2.5, 200, 300, 0, 1, "(1.10303+(-(0.00478444*(log(x+19)*(log(x+18)*(3-(0.330833*log(x+18))))))))+0.025593049824237823" 
0, comb, up, 0, -2.5, 2.5, 300, 600, 0, 1, "(1.10303+(-(0.00478444*(log(x+19)*(log(x+18)*(3-(0.330833*log(x+18))))))))+0.040487069636583328" 
0, comb, up, 0, -2.5, 2.5, 600, 1000, 0, 1, "(1.10303+(-(0.00478444*(log(x+19)*(log(x+18)*(3-(0.330833*log(x+18))))))))+0.07202332466840744" 
0, mujets, central, 1, -2.5, 2.5, 20, 1000, 0, 1, "1.24365+(-(0.0103973*(log(x+19)*(log(x+18)*(3-(0.352579*log(x+18)))))))" 
0, mujets, central, 0, -2.5, 2.5, 20, 1000, 0, 1, "1.24365+(-(0.0103973*(log(x+19)*(log(x+18)*(3-(0.352579*log(x+18)))))))" 
0, mujets, down, 1, -2.5, 2.5, 20, 30, 0, 1, "1.24365+((-(0.0103973*(log(x+19)*(log(x+18)*(3-(0.352579*log(x+18)))))))-0.10290670394897461)" 
0, mujets, down, 1, -2.5, 2.5, 30, 50, 0, 1, "1.24365+((-(0.0103973*(log(x+19)*(log(x+18)*(3-(0.352579*log(x+18)))))))-0.050590205937623978)" 
0, mujets, down, 1, -2.5, 2.5, 50, 70, 0, 1, "1.24365+((-(0.0103973*(log(x+19)*(log(x+18)*(3-(0.352579*log(x+18)))))))-0.044497966766357422)" 
0, mujets, down, 1, -2.5, 2.5, 70, 100, 0, 1, "1.24365+((-(0.0103973*(log(x+19)*(log(x+18)*(3-(0.352579*log(x+18)))))))-0.052260570228099823)" 
0, mujets, down, 1, -2.5, 2.5, 100, 140, 0, 1, "1.24365+((-(0.0103973*(log(x+19)*(log(x+18)*(3-(0.352579*log(x+18)))))))-0.073933936655521393)" 
0, mujets, down, 1, -2.5, 2.5, 140, 200, 0, 1, "1.24365+((-(0.0103973*(log(x+19)*(log(x+18)*(3-(0.352579*log(x+18)))))))-0.0899462029337883)" 
0, mujets, down, 1, -2.5, 2.5, 200, 300, 0, 1, "1.24365+((-(0.0103973*(log(x+19)*(log(x+18)*(3-(0.352579*log(x+18)))))))-0.21202659606933594)" 
0, mujets, down, 1, -2.5, 2.5, 300, 600, 0, 1, "1.24365+((-(0.0103973*(log(x+19)*(log(x+18)*(3-(0.352579*log(x+18)))))))-0.1437404453754425)" 
0, mujets, down, 1, -2.5, 2.5, 600, 1000, 0, 1, "1.24365+((-(0.0103973*(log(x+19)*(log(x+18)*(3-(0.352579*log(x+18)))))))-0.18414698541164398)" 
0, mujets, down, 0, -2.5, 2.5, 20, 30, 0, 1, "1.24365+((-(0.0103973*(log(x+19)*(log(x+18)*(3-(0.352579*log(x+18)))))))-0.041162680834531784)" 
0, mujets, down, 0, -2.5, 2.5, 30, 50, 0, 1, "1.24365+((-(0.0103973*(log(x+19)*(log(x+18)*(3-(0.352579*log(x+18)))))))-0.020236082375049591)" 
0, mujets, down, 0, -2.5, 2.5, 50, 70, 0, 1, "1.24365+((-(0.0103973*(log(x+19)*(log(x+18)*(3-(0.352579*log(x+18)))))))-0.017799187451601028)" 
0, mujets, down, 0, -2.5, 2.5, 70, 100, 0, 1, "1.24365+((-(0.0103973*(log(x+19)*(log(x+18)*(3-(0.352579*log(x+18)))))))-0.020904228091239929)" 
0, mujets, down, 0, -2.5, 2.5, 100, 140, 0, 1, "1.24365+((-(0.0103973*(log(x+19)*(log(x+18)*(3-(0.352579*log(x+18)))))))-0.029573574662208557)" 
0, mujets, down, 0, -2.5, 2.5, 140, 200, 0, 1, "1.24365+((-(0.0103973*(log(x+19)*(log(x+18)*(3-(0.352579*log(x+18)))))))-0.03597848117351532)" 
0, mujets, down, 0, -2.5, 2.5, 200, 300, 0, 1, "1.24365+((-(0.0103973*(log(x+19)*(log(x+18)*(3-(0.352579*log(x+18)))))))-0.084810636937618256)" 
0, mujets, down, 0, -2.5, 2.5, 300, 600, 0, 1, "1.24365+((-(0.0103973*(log(x+19)*(log(x+18)*(3-(0.352579*log(x+18)))))))-0.057496178895235062)" 
0, mujets, down, 0, -2.5, 2.5, 600, 1000, 0, 1, "1.24365+((-(0.0103973*(log(x+19)*(log(x+18)*(3-(0.352579*log(x+18)))))))-0.073658794164657593)" 
0, mujets, up, 1, -2.5, 2.5, 20, 30, 0, 1, "(1.24365+(-(0.0103973*(log(x+19)*(log(x+18)*(3-(0.352579*log(x+18))))))))+0.10290670394897461" 
0, mujets, up, 1, -2.5, 2.5, 30, 50, 0, 1, "(1.24365+(-(0.0103973*(log(x+19)*(log(x+18)*(3-(0.352579*log(x+18))))))))+0.050590205937623978" 
0, mujets, up, 1, -2.5, 2.5, 50, 70, 0, 1, "(1.24365+(-(0.0103973*(log(x+19)*(log(x+18)*(3-(0.352579*log(x+18))))))))+0.044497966766357422" 
0, mujets, up, 1, -2.5, 2.5, 70, 100, 0, 1, "(1.24365+(-(0.0103973*(log(x+19)*(log(x+18)*(3-(0.352579*log(x+18))))))))+0.052260570228099823" 
0, mujets, up, 1, -2.5, 2.5, 100, 140, 0, 1, "(1.24365+(-(0.0103973*(log(x+19)*(log(x+18)*(3-(0.352579*log(x+18))))))))+0.073933936655521393" 
0, mujets, up, 1, -2.5, 2.5, 140, 200, 0, 1, "(1.24365+(-(0.0103973*(log(x+19)*(log(x+18)*(3-(0.352579*log(x+18))))))))+0.0899462029337883" 
0, mujets, up, 1, -2.5, 2.5, 200, 300, 0, 1, "(1.24365+(-(0.0103973*(log(x+19)*(log(x+18)*(3-(0.352579*log(x+18))))))))+0.21202659606933594" 
0, mujets, up, 1, -2.5, 2.5, 300, 600, 0, 1, "(1.24365+(-(0.0103973*(log(x+19)*(log(x+18)*(3-(0.352579*log(x+18))))))))+0.1437404453754425" 
0, mujets, up, 1, -2.5, 2.5, 600, 1000, 0, 1, "(1.24365+(-(0.0103973*(log(x+19)*(log(x+18)*(3-(0.352579*log(x+18))))))))+0.18414698541164398" 
0, mujets, up, 0, -2.5, 2.5, 20, 30, 0, 1, "(1.24365+(-(0.0103973*(log(x+19)*(log(x+18)*(3-(0.352579*log(x+18))))))))+0.041162680834531784" 
0, mujets, up, 0, -2.5, 2.5, 30, 50, 0, 1, "(1.24365+(-(0.0103973*(log(x+19)*(log(x+18)*(3-(0.352579*log(x+18))))))))+0.020236082375049591" 
0, mujets, up, 0, -2.5, 2.5, 50, 70, 0, 1, "(1.24365+(-(0.0103973*(log(x+19)*(log(x+18)*(3-(0.352579*log(x+18))))))))+0.017799187451601028" 
0, mujets, up, 0, -2.5, 2.5, 70, 100, 0, 1, "(1.24365+(-(0.0103973*(log(x+19)*(log(x+18)*(3-(0.352579*log(x+18))))))))+0.020904228091239929" 
0, mujets, up, 0, -2.5, 2.5, 100, 140, 0, 1, "(1.24365+(-(0.0103973*(log(x+19)*(log(x+18)*(3-(0.352579*log(x+18))))))))+0.029573574662208557" 
0, mujets, up, 0, -2.5, 2.5, 140, 200, 0, 1, "(1.24365+(-(0.0103973*(log(x+19)*(log(x+18)*(3-(0.352579*log(x+18))))))))+0.03597848117351532" 
0, mujets, up, 0, -2.5, 2.5, 200, 300, 0, 1, "(1.24365+(-(0.0103973*(log(x+19)*(log(x+18)*(3-(0.352579*log(x+18))))))))+0.084810636937618256" 
0, mujets, up, 0, -2.5, 2.5, 300, 600, 0, 1, "(1.24365+(-(0.0103973*(log(x+19)*(log(x+18)*(3-(0.352579*log(x+18))))))))+0.057496178895235062" 
0, mujets, up, 0, -2.5, 2.5, 600, 1000, 0, 1, "(1.24365+(-(0.0103973*(log(x+19)*(log(x+18)*(3-(0.352579*log(x+18))))))))+0.073658794164657593" 
1, comb, central, 1, -2.5, 2.5, 20, 1000, 0, 1, "4.10537*((1.+(0.457676*x))/(1.+(2.09409*x)))" 
1, comb, central, 0, -2.5, 2.5, 20, 1000, 0, 1, "4.10537*((1.+(0.457676*x))/(1.+(2.09409*x)))" 
1, comb, down, 1, -2.5, 2.5, 20, 30, 0, 1, "(4.10537*((1.+(0.457676*x))/(1.+(2.09409*x))))-0.16538943350315094" 
1, comb, down, 1, -2.5, 2.5, 30, 50, 0, 1, "(4.10537*((1.+(0.457676*x))/(1.+(2.09409*x))))-0.069376394152641296" 
1, comb, down, 1, -2.5, 2.5, 50, 70, 0, 1, "(4.10537*((1.+(0.457676*x))/(1.+(2.09409*x))))-0.058109566569328308" 
1, comb, down, 1, -2.5, 2.5, 70, 100, 0, 1, "(4.10537*((1.+(0.457676*x))/(1.+(2.09409*x))))-0.047118723392486572" 
1, comb, down, 1, -2.5, 2.5, 100, 140, 0, 1, "(4.10537*((1.+(0.457676*x))/(1.+(2.09409*x))))-0.047921586781740189" 
1, comb, down, 1, -2.5, 2.5, 140, 200, 0, 1, "(4.10537*((1.+(0.457676*x))/(1.+(2.09409*x))))-0.052662290632724762" 
1, comb, down, 1, -2.5, 2.5, 200, 300, 0, 1, "(4.10537*((1.+(0.457676*x))/(1.+(2.09409*x))))-0.0939345583319664" 
1, comb, down, 1, -2.5, 2.5, 300, 600, 0, 1, "(4.10537*((1.+(0.457676*x))/(1.+(2.09409*x))))-0.12589988112449646" 
1, comb, down, 1, -2.5, 2.5, 600, 1000, 0, 1, "(4.10537*((1.+(0.457676*x))/(1.+(2.09409*x))))-0.18206122517585754" 
1, comb, down, 0, -2.5, 2.5, 20, 30, 0, 1, "(4.10537*((1.+(0.457676*x))/(1.+(2.09409*x))))-0.05512981116771698" 
1, comb, down, 0, -2.5, 2.5, 30, 50, 0, 1, "(4.10537*((1.+(0.457676*x))/(1.+(2.09409*x))))-0.023125464096665382" 
1, comb, down, 0, -2.5, 2.5, 50, 70, 0, 1, "(4.10537*((1.+(0.457676*x))/(1.+(2.09409*x))))-0.019369855523109436" 
1, comb, down, 0, -2.5, 2.5, 70, 100, 0, 1, "(4.10537*((1.+(0.457676*x))/(1.+(2.09409*x))))-0.015706241130828857" 
1, comb, down, 0, -2.5, 2.5, 100, 140, 0, 1, "(4.10537*((1.+(0.457676*x))/(1.+(2.09409*x))))-0.015973862260580063" 
1, comb, down, 0, -2.5, 2.5, 140, 200, 0, 1, "(4.10537*((1.+(0.457676*x))/(1.+(2.09409*x))))-0.017554096877574921" 
1, comb, down, 0, -2.5, 2.5, 200, 300, 0, 1, "(4.10537*((1.+(0.457676*x))/(1.+(2.09409*x))))-0.0313115194439888" 
1, comb, down, 0, -2.5, 2.5, 300, 600, 0, 1, "(4.10537*((1.+(0.457676*x))/(1.+(2.09409*x))))-0.041966628283262253" 
1, comb, down, 0, -2.5, 2.5, 600, 1000, 0, 1, "(4.10537*((1.+(0.457676*x))/(1.+(2.09409*x))))-0.060687072575092316" 
1, comb, up, 1, -2.5, 2.5, 20, 30, 0, 1, "(4.10537*((1.+(0.457676*x))/(1.+(2.09409*x))))+0.16538943350315094" 
1, comb, up, 1, -2.5, 2.5, 30, 50, 0, 1, "(4.10537*((1.+(0.457676*x))/(1.+(2.09409*x))))+0.069376394152641296" 
1, comb, up, 1, -2.5, 2.5, 50, 70, 0, 1, "(4.10537*((1.+(0.457676*x))/(1.+(2.09409*x))))+0.058109566569328308" 
1, comb, up, 1, -2.5, 2.5, 70, 100, 0, 1, "(4.10537*((1.+(0.457676*x))/(1.+(2.09409*x))))+0.047118723392486572" 
1, comb, up, 1, -2.5, 2.5, 100, 140, 0, 1, "(4.10537*((1.+(0.457676*x))/(1.+(2.09409*x))))+0.047921586781740189" 
1, comb, up, 1, -2.5, 2.5, 140, 200, 0, 1, "(4.10537*((1.+(0.457676*x))/(1.+(2.09409*x))))+0.052662290632724762" 
1, comb, up, 1, -2.5, 2.5, 200, 300, 0, 1, "(4.10537*((1.+(0.457676*x))/(1.+(2.09409*x))))+0.0939345583319664" 
1, comb, up, 1, -2.5, 2.5, 300, 600, 0, 1, "(4.10537*((1.+(0.457676*x))/(1.+(2.09409*x))))+0.12589988112449646" 
1, comb, up, 1, -2.5, 2.5, 600, 1000, 0, 1, "(4.10537*((1.+(0.457676*x))/(1.+(2.09409*x))))+0.18206122517585754" 
1, comb, up, 0, -2.5, 2.5, 20, 30, 0, 1, "(4.10537*((1.+(0.457676*x))/(1.+(2.09409*x))))+0.05512981116771698" 
1, comb, up, 0, -2.5, 2.5, 30, 50, 0, 1, "(4.10537*((1.+(0.457676*x))/(1.+(2.09409*x))))+0.023125464096665382" 
1, comb, up, 0, -2.5, 2.5, 50, 70, 0, 1, "(4.10537*((1.+(0.457676*x))/(1.+(2.09409*x))))+0.019369855523109436" 
1, comb, up, 0, -2.5, 2.5, 70, 100, 0, 1, "(4.10537*((1.+(0.457676*x))/(1.+(2.09409*x))))+0.015706241130828857" 
1, comb, up, 0, -2.5, 2.5, 100, 140, 0, 1, "(4.10537*((1.+(0.457676*x))/(1.+(2.09409*x))))+0.015973862260580063" 
1, comb, up, 0, -2.5, 2.5, 140, 200, 0, 1, "(4.10537*((1.+(0.457676*x))/(1.+(2.09409*x))))+0.017554096877574921" 
1, comb, up, 0, -2.5, 2.5, 200, 300, 0, 1, "(4.10537*((1.+(0.457676*x))/(1.+(2.09409*x))))+0.0313115194439888" 
1, comb, up, 0, -2.5, 2.5, 300, 600, 0, 1, "(4.10537*((1.+(0.457676*x))/(1.+(2.09409*x))))+0.041966628283262253" 
1, comb, up, 0, -2.5, 2.5, 600, 1000, 0, 1, "(4.10537*((1.+(0.457676*x))/(1.+(2.09409*x))))+0.060687072575092316" 
1, mujets, central, 1, -2.5, 2.5, 20, 1000, 0, 1, "33.8749*((1.+(0.335857*x))/(1.+(13.1409*x)))" 
1, mujets, central, 0, -2.5, 2.5, 20, 1000, 0, 1, "33.8749*((1.+(0.335857*x))/(1.+(13.1409*x)))" 
1, mujets, down, 1, -2.5, 2.5, 20, 30, 0, 1, "(33.8749*((1.+(0.335857*x))/(1.+(13.1409*x))))-0.17226912081241608" 
1, mujets, down, 1, -2.5, 2.5, 30, 50, 0, 1, "(33.8749*((1.+(0.335857*x))/(1.+(13.1409*x))))-0.090640753507614136" 
1, mujets, down, 1, -2.5, 2.5, 50, 70, 0, 1, "(33.8749*((1.+(0.335857*x))/(1.+(13.1409*x))))-0.090944111347198486" 
1, mujets, down, 1, -2.5, 2.5, 70, 100, 0, 1, "(33.8749*((1.+(0.335857*x))/(1.+(13.1409*x))))-0.094755761325359344" 
1, mujets, down, 1, -2.5, 2.5, 100, 140, 0, 1, "(33.8749*((1.+(0.335857*x))/(1.+(13.1409*x))))-0.13176551461219788" 
1, mujets, down, 1, -2.5, 2.5, 140, 200, 0, 1, "(33.8749*((1.+(0.335857*x))/(1.+(13.1409*x))))-0.1786920428276062" 
1, mujets, down, 1, -2.5, 2.5, 200, 300, 0, 1, "(33.8749*((1.+(0.335857*x))/(1.+(13.1409*x))))-0.24172034859657288" 
1, mujets, down, 1, -2.5, 2.5, 300, 600, 0, 1, "(33.8749*((1.+(0.335857*x))/(1.+(13.1409*x))))-0.16869533061981201" 
1, mujets, down, 1, -2.5, 2.5, 600, 1000, 0, 1, "(33.8749*((1.+(0.335857*x))/(1.+(13.1409*x))))-0.1795443594455719" 
1, mujets, down, 0, -2.5, 2.5, 20, 30, 0, 1, "(33.8749*((1.+(0.335857*x))/(1.+(13.1409*x))))-0.057423040270805359" 
1, mujets, down, 0, -2.5, 2.5, 30, 50, 0, 1, "(33.8749*((1.+(0.335857*x))/(1.+(13.1409*x))))-0.030213583260774612" 
1, mujets, down, 0, -2.5, 2.5, 50, 70, 0, 1, "(33.8749*((1.+(0.335857*x))/(1.+(13.1409*x))))-0.030314702540636063" 
1, mujets, down, 0, -2.5, 2.5, 70, 100, 0, 1, "(33.8749*((1.+(0.335857*x))/(1.+(13.1409*x))))-0.031585253775119781" 
1, mujets, down, 0, -2.5, 2.5, 100, 140, 0, 1, "(33.8749*((1.+(0.335857*x))/(1.+(13.1409*x))))-0.043921839445829391" 
1, mujets, down, 0, -2.5, 2.5, 140, 200, 0, 1, "(33.8749*((1.+(0.335857*x))/(1.+(13.1409*x))))-0.059564013034105301" 
1, mujets, down, 0, -2.5, 2.5, 200, 300, 0, 1, "(33.8749*((1.+(0.335857*x))/(1.+(13.1409*x))))-0.080573447048664093" 
1, mujets, down, 0, -2.5, 2.5, 300, 600, 0, 1, "(33.8749*((1.+(0.335857*x))/(1.+(13.1409*x))))-0.056231774389743805" 
1, mujets, down, 0, -2.5, 2.5, 600, 1000, 0, 1, "(33.8749*((1.+(0.335857*x))/(1.+(13.1409*x))))-0.0598481185734272" 
1, mujets, up, 1, -2.5, 2.5, 20, 30, 0, 1, "(33.8749*((1.+(0.335857*x))/(1.+(13.1409*x))))+0.17226912081241608" 
1, mujets, up, 1, -2.5, 2.5, 30, 50, 0, 1, "(33.8749*((1.+(0.335857*x))/(1.+(13.1409*x))))+0.090640753507614136" 
1, mujets, up, 1, -2.5, 2.5, 50, 70, 0, 1, "(33.8749*((1.+(0.335857*x))/(1.+(13.1409*x))))+0.090944111347198486" 
1, mujets, up, 1, -2.5, 2.5, 70, 100, 0, 1, "(33.8749*((1.+(0.335857*x))/(1.+(13.1409*x))))+0.094755761325359344" 
1, mujets, up, 1, -2.5, 2.5, 100, 140, 0, 1, "(33.8749*((1.+(0.335857*x))/(1.+(13.1409*x))))+0.13176551461219788" 
1, mujets, up, 1, -2.5, 2.5, 140, 200, 0, 1, "(33.8749*((1.+(0.335857*x))/(1.+(13.1409*x))))+0.1786920428276062" 
1, mujets, up, 1, -2.5, 2.5, 200, 300, 0, 1, "(33.8749*((1.+(0.335857*x))/(1.+(13.1409*x))))+0.24172034859657288" 
1, mujets, up, 1, -2.5, 2.5, 300, 600, 0, 1, "(33.8749*((1.+(0.335857*x))/(1.+(13.1409*x))))+0.16869533061981201" 
1, mujets, up, 1, -2.5, 2.5, 600, 1000, 0, 1, "(33.8749*((1.+(0.335857*x))/(1.+(13.1409*x))))+0.1795443594455719" 
1, mujets, up, 0, -2.5, 2.5, 20, 30, 0, 1, "(33.8749*((1.+(0.335857*x))/(1.+(13.1409*x))))+0.057423040270805359" 
1, mujets, up, 0, -2.5, 2.5, 30, 50, 0, 1, "(33.8749*((1.+(0.335857*x))/(1.+(13.1409*x))))+0.030213583260774612" 
1, mujets, up, 0, -2.5, 2.5, 50, 70, 0, 1, "(33.8749*((1.+(0.335857*x))/(1.+(13.1409*x))))+0.030314702540636063" 
1, mujets, up, 0, -2.5, 2.5, 70, 100, 0, 1, "(33.8749*((1.+(0.335857*x))/(1.+(13.1409*x))))+0.031585253775119781" 
1, mujets, up, 0, -2.5, 2.5, 100, 140, 0, 1, "(33.8749*((1.+(0.335857*x))/(1.+(13.1409*x))))+0.043921839445829391" 
1, mujets, up, 0, -2.5, 2.5, 140, 200, 0, 1, "(33.8749*((1.+(0.335857*x))/(1.+(13.1409*x))))+0.059564013034105301" 
1, mujets, up, 0, -2.5, 2.5, 200, 300, 0, 1, "(33.8749*((1.+(0.335857*x))/(1.+(13.1409*x))))+0.080573447048664093" 
1, mujets, up, 0, -2.5, 2.5, 300, 600, 0, 1, "(33.8749*((1.+(0.335857*x))/(1.+(13.1409*x))))+0.056231774389743805" 
1, mujets, up, 0, -2.5, 2.5, 600, 1000, 0, 1, "(33.8749*((1.+(0.335857*x))/(1.+(13.1409*x))))+0.0598481185734272" 
2, comb, central, 1, -2.5, 2.5, 20, 1000, 0, 1, "0.887549*((1.+(-(0.000347793*x)))/(1.+(-(0.000203526*x))))" 
2, comb, central, 0, -2.5, 2.5, 20, 1000, 0, 1, "0.887549*((1.+(-(0.000347793*x)))/(1.+(-(0.000203526*x))))" 
2, comb, down, 1, -2.5, 2.5, 20, 30, 0, 1, "(0.887549*((1.+(-(0.000347793*x)))/(1.+(-(0.000203526*x)))))-0.21218885481357574" 
2, comb, down, 1, -2.5, 2.5, 30, 50, 0, 1, "(0.887549*((1.+(-(0.000347793*x)))/(1.+(-(0.000203526*x)))))-0.095053672790527344" 
2, comb, down, 1, -2.5, 2.5, 50, 70, 0, 1, "(0.887549*((1.+(-(0.000347793*x)))/(1.+(-(0.000203526*x)))))-0.07867460697889328" 
2, comb, down, 1, -2.5, 2.5, 70, 100, 0, 1, "(0.887549*((1.+(-(0.000347793*x)))/(1.+(-(0.000203526*x)))))-0.051288414746522903" 
2, comb, down, 1, -2.5, 2.5, 100, 140, 0, 1, "(0.887549*((1.+(-(0.000347793*x)))/(1.+(-(0.000203526*x)))))-0.062886603176593781" 
2, comb, down, 1, -2.5, 2.5, 140, 200, 0, 1, "(0.887549*((1.+(-(0.000347793*x)))/(1.+(-(0.000203526*x)))))-0.066759444773197174" 
2, comb, down, 1, -2.5, 2.5, 200, 300, 0, 1, "(0.887549*((1.+(-(0.000347793*x)))/(1.+(-(0.000203526*x)))))-0.11524888873100281" 
2, comb, down, 1, -2.5, 2.5, 300, 600, 0, 1, "(0.887549*((1.+(-(0.000347793*x)))/(1.+(-(0.000203526*x)))))-0.14192973077297211" 
2, comb, down, 1, -2.5, 2.5, 600, 1000, 0, 1, "(0.887549*((1.+(-(0.000347793*x)))/(1.+(-(0.000203526*x)))))-0.19518022239208221" 
2, comb, down, 0, -2.5, 2.5, 20, 30, 0, 1, "(0.887549*((1.+(-(0.000347793*x)))/(1.+(-(0.000203526*x)))))-0.060625385493040085" 
2, comb, down, 0, -2.5, 2.5, 30, 50, 0, 1, "(0.887549*((1.+(-(0.000347793*x)))/(1.+(-(0.000203526*x)))))-0.027158193290233612" 
2, comb, down, 0, -2.5, 2.5, 50, 70, 0, 1, "(0.887549*((1.+(-(0.000347793*x)))/(1.+(-(0.000203526*x)))))-0.022478459402918816" 
2, comb, down, 0, -2.5, 2.5, 70, 100, 0, 1, "(0.887549*((1.+(-(0.000347793*x)))/(1.+(-(0.000203526*x)))))-0.014653832651674747" 
2, comb, down, 0, -2.5, 2.5, 100, 140, 0, 1, "(0.887549*((1.+(-(0.000347793*x)))/(1.+(-(0.000203526*x)))))-0.017967600375413895" 
2, comb, down, 0, -2.5, 2.5, 140, 200, 0, 1, "(0.887549*((1.+(-(0.000347793*x)))/(1.+(-(0.000203526*x)))))-0.019074127078056335" 
2, comb, down, 0, -2.5, 2.5, 200, 300, 0, 1, "(0.887549*((1.+(-(0.000347793*x)))/(1.+(-(0.000203526*x)))))-0.032928254455327988" 
2, comb, down, 0, -2.5, 2.5, 300, 600, 0, 1, "(0.887549*((1.+(-(0.000347793*x)))/(1.+(-(0.000203526*x)))))-0.040551353245973587" 
2, comb, down, 0, -2.5, 2.5, 600, 1000, 0, 1, "(0.887549*((1.+(-(0.000347793*x)))/(1.+(-(0.000203526*x)))))-0.055765777826309204" 
2, comb, up, 1, -2.5, 2.5, 20, 30, 0, 1, "(0.887549*((1.+(-(0.000347793*x)))/(1.+(-(0.000203526*x)))))+0.21218885481357574" 
2, comb, up, 1, -2.5, 2.5, 30, 50, 0, 1, "(0.887549*((1.+(-(0.000347793*x)))/(1.+(-(0.000203526*x)))))+0.095053672790527344" 
2, comb, up, 1, -2.5, 2.5, 50, 70, 0, 1, "(0.887549*((1.+(-(0.000347793*x)))/(1.+(-(0.000203526*x)))))+0.07867460697889328" 
2, comb, up, 1, -2.5, 2.5, 70, 100, 0, 1, "(0.887549*((1.+(-(0.000347793*x)))/(1.+(-(0.000203526*x)))))+0.051288414746522903" 
2, comb, up, 1, -2.5, 2.5, 100, 140, 0, 1, "(0.887549*((1.+(-(0.000347793*x)))/(1.+(-(0.000203526*x)))))+0.062886603176593781" 
2, comb, up, 1, -2.5, 2.5, 140, 200, 0, 1, "(0.887549*((1.+(-(0.000347793*x)))/(1.+(-(0.000203526*x)))))+0.066759444773197174" 
2, comb, up, 1, -2.5, 2.5, 200, 300, 0, 1, "(0.887549*((1.+(-(0.000347793*x)))/(1.+(-(0.000203526*x)))))+0.11524888873100281" 
2, comb, up, 1, -2.5, 2.5, 300, 600, 0, 1, "(0.887549*((1.+(-(0.000347793*x)))/(1.+(-(0.000203526*x)))))+0.14192973077297211" 
2, comb, up, 1, -2.5, 2.5, 600, 1000, 0, 1, "(0.887549*((1.+(-(0.000347793*x)))/(1.+(-(0.000203526*x)))))+0.19518022239208221" 
2, comb, up, 0, -2.5, 2.5, 20, 30, 0, 1, "(0.887549*((1.+(-(0.000347793*x)))/(1.+(-(0.000203526*x)))))+0.060625385493040085" 
2, comb, up, 0, -2.5, 2.5, 30, 50, 0, 1, "(0.887549*((1.+(-(0.000347793*x)))/(1.+(-(0.000203526*x)))))+0.027158193290233612" 
2, comb, up, 0, -2.5, 2.5, 50, 70, 0, 1, "(0.887549*((1.+(-(0.000347793*x)))/(1.+(-(0.000203526*x)))))+0.022478459402918816" 
2, comb, up, 0, -2.5, 2.5, 70, 100, 0, 1, "(0.887549*((1.+(-(0.000347793*x)))/(1.+(-(0.000203526*x)))))+0.014653832651674747" 
2, comb, up, 0, -2.5, 2.5, 100, 140, 0, 1, "(0.887549*((1.+(-(0.000347793*x)))/(1.+(-(0.000203526*x)))))+0.017967600375413895" 
2, comb, up, 0, -2.5, 2.5, 140, 200, 0, 1, "(0.887549*((1.+(-(0.000347793*x)))/(1.+(-(0.000203526*x)))))+0.019074127078056335" 
2, comb, up, 0, -2.5, 2.5, 200, 300, 0, 1, "(0.887549*((1.+(-(0.000347793*x)))/(1.+(-(0.000203526*x)))))+0.032928254455327988" 
2, comb, up, 0, -2.5, 2.5, 300, 600, 0, 1, "(0.887549*((1.+(-(0.000347793*x)))/(1.+(-(0.000203526*x)))))+0.040551353245973587" 
2, comb, up, 0, -2.5, 2.5, 600, 1000, 0, 1, "(0.887549*((1.+(-(0.000347793*x)))/(1.+(-(0.000203526*x)))))+0.055765777826309204" 
2, mujets, central, 1, -2.5, 2.5, 20, 1000, 0, 1, "0.834868*((1.+(0.00265542*x))/(1.+(0.00266911*x)))" 
2, mujets, central, 0, -2.5, 2.5, 20, 1000, 0, 1, "0.834868*((1.+(0.00265542*x))/(1.+(0.00266911*x)))" 
2, mujets, down, 1, -2.5, 2.5, 20, 30, 0, 1, "(0.834868*((1.+(0.00265542*x))/(1.+(0.00266911*x))))-0.21928708255290985" 
2, mujets, down, 1, -2.5, 2.5, 30, 50, 0, 1, "(0.834868*((1.+(0.00265542*x))/(1.+(0.00266911*x))))-0.12291119992733002" 
2, mujets, down, 1, -2.5, 2.5, 50, 70, 0, 1, "(0.834868*((1.+(0.00265542*x))/(1.+(0.00266911*x))))-0.11641225218772888" 
2, mujets, down, 1, -2.5, 2.5, 70, 100, 0, 1, "(0.834868*((1.+(0.00265542*x))/(1.+(0.00266911*x))))-0.10256282240152359" 
2, mujets, down, 1, -2.5, 2.5, 100, 140, 0, 1, "(0.834868*((1.+(0.00265542*x))/(1.+(0.00266911*x))))-0.15029148757457733" 
2, mujets, down, 1, -2.5, 2.5, 140, 200, 0, 1, "(0.834868*((1.+(0.00265542*x))/(1.+(0.00266911*x))))-0.14345575869083405" 
2, mujets, down, 1, -2.5, 2.5, 200, 300, 0, 1, "(0.834868*((1.+(0.00265542*x))/(1.+(0.00266911*x))))-0.20738303661346436" 
2, mujets, down, 1, -2.5, 2.5, 300, 600, 0, 1, "(0.834868*((1.+(0.00265542*x))/(1.+(0.00266911*x))))-0.17556816339492798" 
2, mujets, down, 1, -2.5, 2.5, 600, 1000, 0, 1, "(0.834868*((1.+(0.00265542*x))/(1.+(0.00266911*x))))-0.22135089337825775" 
2, mujets, down, 0, -2.5, 2.5, 20, 30, 0, 1, "(0.834868*((1.+(0.00265542*x))/(1.+(0.00266911*x))))-0.062653452157974243" 
2, mujets, down, 0, -2.5, 2.5, 30, 50, 0, 1, "(0.834868*((1.+(0.00265542*x))/(1.+(0.00266911*x))))-0.035117484629154205" 
2, mujets, down, 0, -2.5, 2.5, 50, 70, 0, 1, "(0.834868*((1.+(0.00265542*x))/(1.+(0.00266911*x))))-0.033260643482208252" 
2, mujets, down, 0, -2.5, 2.5, 70, 100, 0, 1, "(0.834868*((1.+(0.00265542*x))/(1.+(0.00266911*x))))-0.029303664341568947" 
2, mujets, down, 0, -2.5, 2.5, 100, 140, 0, 1, "(0.834868*((1.+(0.00265542*x))/(1.+(0.00266911*x))))-0.042940426617860794" 
2, mujets, down, 0, -2.5, 2.5, 140, 200, 0, 1, "(0.834868*((1.+(0.00265542*x))/(1.+(0.00266911*x))))-0.040987361222505569" 
2, mujets, down, 0, -2.5, 2.5, 200, 300, 0, 1, "(0.834868*((1.+(0.00265542*x))/(1.+(0.00266911*x))))-0.059252295643091202" 
2, mujets, down, 0, -2.5, 2.5, 300, 600, 0, 1, "(0.834868*((1.+(0.00265542*x))/(1.+(0.00266911*x))))-0.050162333995103836" 
2, mujets, down, 0, -2.5, 2.5, 600, 1000, 0, 1, "(0.834868*((1.+(0.00265542*x))/(1.+(0.00266911*x))))-0.063243113458156586" 
2, mujets, up, 1, -2.5, 2.5, 20, 30, 0, 1, "(0.834868*((1.+(0.00265542*x))/(1.+(0.00266911*x))))+0.21928708255290985" 
2, mujets, up, 1, -2.5, 2.5, 30, 50, 0, 1, "(0.834868*((1.+(0.00265542*x))/(1.+(0.00266911*x))))+0.12291119992733002" 
2, mujets, up, 1, -2.5, 2.5, 50, 70, 0, 1, "(0.834868*((1.+(0.00265542*x))/(1.+(0.00266911*x))))+0.11641225218772888" 
2, mujets, up, 1, -2.5, 2.5, 70, 100, 0, 1, "(0.834868*((1.+(0.00265542*x))/(1.+(0.00266911*x))))+0.10256282240152359" 
2, mujets, up, 1, -2.5, 2.5, 100, 140, 0, 1, "(0.834868*((1.+(0.00265542*x))/(1.+(0.00266911*x))))+0.15029148757457733" 
2, mujets, up, 1, -2.5, 2.5, 140, 200, 0, 1, "(0.834868*((1.+(0.00265542*x))/(1.+(0.00266911*x))))+0.14345575869083405" 
2, mujets, up, 1, -2.5, 2.5, 200, 300, 0, 1, "(0.834868*((1.+(0.00265542*x))/(1.+(0.00266911*x))))+0.20738303661346436" 
2, mujets, up, 1, -2.5, 2.5, 300, 600, 0, 1, "(0.834868*((1.+(0.00265542*x))/(1.+(0.00266911*x))))+0.17556816339492798" 
2, mujets, up, 1, -2.5, 2.5, 600, 1000, 0, 1, "(0.834868*((1.+(0.00265542*x))/(1.+(0.00266911*x))))+0.22135089337825775" 
2, mujets, up, 0, -2.5, 2.5, 20, 30, 0, 1, "(0.834868*((1.+(0.00265542*x))/(1.+(0.00266911*x))))+0.062653452157974243" 
2, mujets, up, 0, -2.5, 2.5, 30, 50, 0, 1, "(0.834868*((1.+(0.00265542*x))/(1.+(0.00266911*x))))+0.035117484629154205" 
2, mujets, up, 0, -2.5, 2.5, 50, 70, 0, 1, "(0.834868*((1.+(0.00265542*x))/(1.+(0.00266911*x))))+0.033260643482208252" 
2, mujets, up, 0, -2.5, 2.5, 70, 100, 0, 1, "(0.834868*((1.+(0.00265542*x))/(1.+(0.00266911*x))))+0.029303664341568947" 
2, mujets, up, 0, -2.5, 2.5, 100, 140, 0, 1, "(0.834868*((1.+(0.00265542*x))/(1.+(0.00266911*x))))+0.042940426617860794" 
2, mujets, up, 0, -2.5, 2.5, 140, 200, 0, 1, "(0.834868*((1.+(0.00265542*x))/(1.+(0.00266911*x))))+0.040987361222505569" 
2, mujets, up, 0, -2.5, 2.5, 200, 300, 0, 1, "(0.834868*((1.+(0.00265542*x))/(1.+(0.00266911*x))))+0.059252295643091202" 
2, mujets, up, 0, -2.5, 2.5, 300, 600, 0, 1, "(0.834868*((1.+(0.00265542*x))/(1.+(0.00266911*x))))+0.050162333995103836" 
2, mujets, up, 0, -2.5, 2.5, 600, 1000, 0, 1, "(0.834868*((1.+(0.00265542*x))/(1.+(0.00266911*x))))+0.063243113458156586" 
0, incl, central, 2, 0, 2.5, 20, 1000, 0, 1, "0.896775+0.00129932*x+-2.20259e-06*x*x+1.20421e-09*x*x*x" 
0, incl, down, 2, 0, 2.5, 20, 1000, 0, 1, "(0.896775+0.00129932*x+-2.20259e-06*x*x+1.20421e-09*x*x*x)*(1-(0.0400606+0.000371763*x+-3.19838e-07*x*x))" 
0, incl, down_correlated, 2, 0, 2.5, 20, 1000, 0, 1, "(0.896775+0.00129932*x+-2.20259e-06*x*x+1.20421e-09*x*x*x)*(1-(0.00348604+0.000490253*x+-4.26215e-07*x*x))" 
0, incl, down_uncorrelated, 2, 0, 2.5, 20, 1000, 0, 1, "(0.896775+0.00129932*x+-2.20259e-06*x*x+1.20421e-09*x*x*x)*(1-(0.0517384))" 
0, incl, up, 2, 0, 2.5, 20, 1000, 0, 1, "(0.896775+0.00129932*x+-2.20259e-06*x*x+1.20421e-09*x*x*x)*(1+(0.0400606+0.000371763*x+-3.19838e-07*x*x))" 
0, incl, up_correlated, 2, 0, 2.5, 20, 1000, 0, 1, "(0.896775+0.00129932*x+-2.20259e-06*x*x+1.20421e-09*x*x*x)*(1+(0.00348604+0.000490253*x+-4.26215e-07*x*x))" 
0, incl, up_uncorrelated, 2, 0, 2.5, 20, 1000, 0, 1, "(0.896775+0.00129932*x+-2.20259e-06*x*x+1.20421e-09*x*x*x)*(1+(0.0517384))" 
1, incl, central, 2, 0, 2.5, 20, 1000, 0, 1, "0.660779+0.00115511*x+-2.80099e-07*x*x+-7.99551e-10*x*x*x" 
1, incl, down, 2, 0, 2.5, 20, 1000, 0, 1, "(0.660779+0.00115511*x+-2.80099e-07*x*x+-7.99551e-10*x*x*x)*(1-(0.152621+-4.01823e-06*x+6.32535e-08*x*x))" 
1, incl, down_correlated, 2, 0, 2.5, 20, 1000, 0, 1, "(0.660779+0.00115511*x+-2.80099e-07*x*x+-7.99551e-10*x*x*x)*(1-(0.0908286+3.44333e-06*x+7.20061e-08*x*x))" 
1, incl, down_uncorrelated, 2, 0, 2.5, 20, 1000, 0, 1, "(0.660779+0.00115511*x+-2.80099e-07*x*x+-7.99551e-10*x*x*x)*(1-(0.122769))" 
1, incl, up, 2, 0, 2.5, 20, 1000, 0, 1, "(0.660779+0.00115511*x+-2.80099e-07*x*x+-7.99551e-10*x*x*x)*(1+(0.152621+-4.01823e-06*x+6.32535e-08*x*x))" 
1, incl, up_correlated, 2, 0, 2.5, 20, 1000, 0, 1, "(0.660779+0.00115511*x+-2.80099e-07*x*x+-7.99551e-10*x*x*x)*(1+(0.0908286+3.44333e-06*x+7.20061e-08*x*x))" 
1, incl, up_uncorrelated, 2, 0, 2.5, 20, 1000, 0, 1, "(0.660779+0.00115511*x+-2.80099e-07*x*x+-7.99551e-10*x*x*x)*(1+(0.122769))" 
2, incl, central, 2, 0, 2.5, 20, 1000, 0, 1, "0.788786+-1.31186/sqrt(x)" 
2, incl, down, 2, 0, 2.5, 20, 1000, 0, 1, "(0.788786+-1.31186/sqrt(x))*(1-(0.468294+-0.000513746*x+4.66522e-07*x*x))" 
2, incl, down_correlated, 2, 0, 2.5, 20, 1000, 0, 1, "(0.788786+-1.31186/sqrt(x))*(1-(0.412573+-0.00086471*x+8.78868e-07*x*x))" 
2, incl, down_uncorrelated, 2, 0, 2.5, 20, 1000, 0, 1, "(0.788786+-1.31186/sqrt(x))*(1-(0.251811))" 
2, incl, up, 2, 0, 2.5, 20, 1000, 0, 1, "(0.788786+-1.31186/sqrt(x))*(1+(0.468294+-0.000513746*x+4.66522e-07*x*x))" 
2, incl, up_correlated, 2, 0, 2.5, 20, 1000, 0, 1, "(0.788786+-1.31186/sqrt(x))*(1+(0.412573+-0.00086471*x+8.78868e-07*x*x))" 
2, incl, up_uncorrelated, 2, 0, 2.5, 20, 1000, 0, 1, "(0.788786+-1.31186/sqrt(x))*(1+(0.251811))" 
